,class_name,log_size,min_seq_len,max_seq_len,distinct_trace_ratio,num_distinct_events,time_unit,column_stats,time.full_data_preprocessing_pipeline,time.visualize_bpmn,time.visualize_procmap,time.visualize_dfg
0,BPIC12LogReader,13087,3,80,7.641170627340109e-05,18,seconds,,3.059189796447754,2.213258743286133,0.5443072319030762,0.43304944038391113
1,DomesticDeclarationsLogReader,10500,1,24,9.523809523809524e-05,19,seconds,,3.059189796447754,2.213258743286133,0.5443072319030762,0.43304944038391113
2,PermitLogReader,7065,3,90,0.00014154281670205238,53,seconds,,3.059189796447754,2.213258743286133,0.5443072319030762,0.43304944038391113
3,RabobankTicketsLogReader,998,1,178,0.001002004008016032,39,seconds,,3.059189796447754,2.213258743286133,0.5443072319030762,0.43304944038391113
4,RequestForPaymentLogReader,6886,1,20,0.00014522218995062446,21,seconds,,3.059189796447754,2.213258743286133,0.5443072319030762,0.43304944038391113
5,VolvoIncidentsReader,7554,1,123,0.00013238019592268997,6,seconds,,3.059189796447754,2.213258743286133,0.5443072319030762,0.43304944038391113
